{
  "../notebooks/data/SF-10-ng=3000-1234/d=10_k=1_gtype=SF_noise=Gaussian_mat=CH3_mec=Linear_ng=3000_N=3.hdf5": {
    "PC": [
      0.5016860332649806,
      0.5356943056943055,
      11.9,
      13.327885580062866
    ],
    "GES": [
      0.38969696969696976,
      0.394949494949495,
      13.1,
      4.4310140132904055
    ],
    "CAM": [
      0.10149752847717908,
      0.3333333333333333,
      33.3,
      178.22691769599913
    ],
    "notears": [
      1.0,
      0.9777777777777779,
      0.2,
      3.1131680011749268
    ]
  },
  "../notebooks/data/ER-10-ng=3000-1234/d=10_k=1_gtype=ER_noise=Gaussian_mat=CH3_mec=Linear_ng=3000_N=3.hdf5": {
    "PC": [
      0.5427339327339327,
      0.5296386946386945,
      11.1,
      12.923338484764098
    ],
    "GES": [
      0.48801727684080626,
      0.49934428316781254,
      12.3,
      4.2862489223480225
    ],
    "CAM": [
      0.13857197859285145,
      0.4608333333333333,
      32.1,
      189.00234196186065
    ],
    "notears": [
      1.0,
      0.9777777777777779,
      0.2,
      2.505238962173462
    ]
  },
  "../notebooks/data/SF-20-ng=3000-1234/d=20_k=1_gtype=SF_noise=Gaussian_mat=CH3_mec=Linear_ng=3000_N=3.hdf5": {
    "PC": [
      0.4684356406153286,
      0.5138096484412273,
      25.8,
      14.300713586807252
    ],
    "GES": [
      0.40299720011788975,
      0.4445010175010175,
      29.0,
      4.513707160949707
    ],
    "CAM": [
      0.0775211977089946,
      0.34210526315789475,
      90.6,
      964.248389840126
    ],
    "notears": [
      1.0,
      0.9578947368421054,
      0.8,
      171.65303134918213
    ]
  },
  "../notebooks/data/ER-20-ng=3000-1234/d=20_k=1_gtype=ER_noise=Gaussian_mat=CH3_mec=Linear_ng=3000_N=3.hdf5": {
    "PC": [
      0.44995959419421405,
      0.5018337801489975,
      27.1,
      13.652388978004456
    ],
    "GES": [
      0.3555027386406697,
      0.4059697589045415,
      31.4,
      4.556108713150024
    ],
    "CAM": [
      0.105182121146208,
      0.41304093567251454,
      81.5,
      790.9716488838196
    ],
    "notears": [
      1.0,
      0.96,
      0.8,
      80.78956470489501
    ]
  },
  "../notebooks/data/SF-50-ng=1000-1234/d=50_k=1_gtype=SF_noise=Gaussian_mat=CH3_mec=Linear_ng=1000_N=1.hdf5": {
    "PC": [
      0.3985736996555261,
      0.47599539416654846,
      76.5,
      16.939334893226622
    ],
    "GES": [
      0.1785262355840558,
      0.22511314331732443,
      96.7,
      5.547738385200501
    ],
    "CAM": [
      0.06672027385571322,
      0.32040816326530613,
      257.8,
      3067.521595430374
    ],
    "notears": [
      0.8669424567680382,
      0.8489795918367345,
      13.8,
      2528.9107701301573
    ]
  },
  "../notebooks/data/ER-50-ng=1000-1234/d=50_k=1_gtype=ER_noise=Gaussian_mat=CH3_mec=Linear_ng=1000_N=1.hdf5": {
    "PC": [
      0.38742358489755924,
      0.45769690469394453,
      80.3,
      14.843269848823548
    ],
    "GES": [
      0.23170950941806612,
      0.29325652078353504,
      93.9,
      5.212823271751404
    ],
    "CAM": [
      0.07950518604349406,
      0.3578180272108843,
      239.7,
      2642.5424757957458
    ],
    "notears": [
      0.992,
      0.9798367346938776,
      1.4,
      442.2665019989014
    ]
  },
  "../notebooks/data/SF-100-ng=1000-1234/d=100_k=1_gtype=SF_noise=Gaussian_mat=CH3_mec=Linear_ng=1000_N=1.hdf5": {
    "GES": [
      0.1038215433572719,
      0.16161566121029766,
      232.8,
      3.8677305221557616
    ],
    "PC": [
      0.30901004709247726,
      0.43782574504723704,
      184.625,
      50.23464956879616
    ],
    "CAM": [
      0.06743665943332054,
      0.32727272727272727,
      515.4,
      800.5952048301697
    ]
  },
  "../notebooks/data/ER-100-ng=1000-1234/d=100_k=1_gtype=ER_noise=Gaussian_mat=CH3_mec=Linear_ng=1000_N=1.hdf5": {
    "GES": [
      0.10888080384568362,
      0.1722230389527714,
      232.3,
      11.84322485923767
    ],
    "PC": [
      0.3074322910557058,
      0.42460139828141175,
      190.9,
      30.491698145866394
    ]
  },
  "../notebooks/data/SF-200-ng=1000-1234/d=200_k=1_gtype=SF_noise=Gaussian_mat=CH3_mec=Linear_ng=1000_N=1.hdf5": {
    "GES": [
      0.05018097889071137,
      0.0997681311618026,
      564.8,
      65.34457488059998
    ],
    "PC": [
      0.2453747059866456,
      0.4128586846965524,
      437.125,
      138.38187405467033
    ]
  },
  "../notebooks/data/ER-200-ng=1000-1234/d=200_k=1_gtype=ER_noise=Gaussian_mat=CH3_mec=Linear_ng=1000_N=1.hdf5": {
    "GES": [
      0.07055520575433118,
      0.14416215957229325,
      558.1,
      32.88555636405945
    ],
    "PC": [
      0.23072784351507827,
      0.38702161047759487,
      459.0,
      50.97813956737518
    ]
  },
  "../notebooks/data/SF-150-ng=1000-1234/d=150_k=1_gtype=SF_noise=Gaussian_mat=CH3_mec=Linear_ng=1000_N=1.hdf5": {
    "PC": [
      0.3174989368364768,
      0.4661852334881749,
      283.0,
      126.93067131723676
    ]
  },
  "../notebooks/data/ER-150-ng=1000-1234/d=150_k=1_gtype=ER_noise=Gaussian_mat=CH3_mec=Linear_ng=1000_N=1.hdf5": {
    "PC": [
      0.25147579503418466,
      0.38349224770200324,
      316.4,
      35.106835174560544
    ]
  },
  "../notebooks/data/SF-300-ng=300-1234/d=300_k=1_gtype=SF_noise=Gaussian_mat=CH3_mec=Linear_ng=300_N=1.hdf5": {
    "GES": [
      0.04151985115739097,
      0.10172405760856189,
      975.9,
      181.17867386341095
    ]
  },
  "../notebooks/data/ER-300-ng=300-1234/d=300_k=1_gtype=ER_noise=Gaussian_mat=CH3_mec=Linear_ng=300_N=1.hdf5": {
    "GES": [
      0.05007736664380541,
      0.12286154229748525,
      968.5,
      61.95786364078522
    ]
  },
  "../notebooks/data/SF-400-ng=300-1234/d=400_k=1_gtype=SF_noise=Gaussian_mat=CH3_mec=Linear_ng=300_N=1.hdf5": {
    "GES": [
      0.034927805834289616,
      0.09939948822441334,
      1460.8,
      109.08515458106994
    ]
  },
  "../notebooks/data/ER-400-ng=300-1234/d=400_k=1_gtype=ER_noise=Gaussian_mat=CH3_mec=Linear_ng=300_N=1.hdf5": {
    "GES": [
      0.03720491523451889,
      0.10961553197207481,
      1489.0,
      107.37478442192078
    ]
  }
}