{
  "data/SF-10/d=10_k=1_gtype=SF_noise=Gaussian_mat=COR.hdf5": {
    "PC": [
      0.26949050949050946,
      0.3555555555555556,
      14.3,
      1.6910762310028076
    ],
    "CAM": [
      0.0746233341821577,
      0.25555555555555554,
      35.5,
      5.2389160871505736
    ],
    "GES": [
      0.1954571898689546,
      0.30000000000000004,
      15.6,
      0.6534060955047607
    ],
    "RCC-CLF": [
      0.16985449735449737,
      0.9666666666666666,
      44.4,
      3.2586679458618164
    ],
    "RCC-NN": [
      0.18585121924287176,
      0.6888888888888889,
      33.2,
      3.1479788303375242
    ],
    "notears": [
      1.0,
      1.0,
      0.0,
      1.0398104667663575
    ]
  },
  "data/SF-20/d=20_k=1_gtype=SF_noise=Gaussian_mat=COR.hdf5": {
    "PC": [
      0.33859166090031906,
      0.4789473684210527,
      26.9,
      1.8446663856506347
    ],
    "CAM": [
      0.06642898504219659,
      0.3052631578947368,
      94.3,
      16.62495276927948
    ],
    "GES": [
      0.1913888366062279,
      0.2631578947368421,
      34.3,
      0.7518008470535278
    ],
    "notears": [
      0.9280952380952382,
      0.9473684210526315,
      2.5,
      14.91957185268402
    ],
    "RCC-CLF": [
      0.09392277987388616,
      0.9789473684210526,
      192.6,
      12.38643786907196
    ],
    "RCC-NN": [
      0.11885272101937172,
      0.7526315789473684,
      122.5,
      12.17659227848053
    ]
  },
  "data/SF-50/d=50_k=1_gtype=SF_noise=Gaussian_mat=COR.hdf5": {
    "PC": [
      0.3378247584264812,
      0.4326530612244898,
      68.2,
      2.342627835273743
    ],
    "CAM": [
      0.07606964586530714,
      0.3673469387755102,
      249.8,
      50.77022833824158
    ],
    "GES": [
      0.1070797618200688,
      0.15918367346938772,
      104.6,
      0.8090979337692261
    ],
    "notears": [
      0.9463613445378151,
      0.9734693877551018,
      4.2,
      104.39502654075622
    ],
    "RCC-CLF": [
      0.035395927008811834,
      0.7877551020408162,
      1113.9,
      76.13804874420165
    ],
    "RCC-NN": [
      0.05590858067237153,
      0.6367346938775509,
      554.1,
      76.30061919689179
    ]
  },
  "data/ER-10/d=10_k=1_gtype=ER_noise=Gaussian_mat=COR.hdf5": {
    "PC": [
      0.2759733322233322,
      0.3844444444444444,
      14.6,
      1.6959433794021606
    ],
    "CAM": [
      0.11192012802188325,
      0.36888888888888893,
      34.5,
      4.831811237335205
    ],
    "GES": [
      0.26223776223776224,
      0.33666666666666667,
      15.3,
      0.6737740278244019
    ],
    "notears": [
      1.0,
      1.0,
      0.0,
      0.9462543964385987
    ],
    "RCC-CLF": [
      0.21032960767016493,
      0.9255555555555557,
      35.4,
      3.1289005994796755
    ],
    "RCC-NN": [
      0.27790357672604665,
      0.8016666666666667,
      22.4,
      3.0057278156280516
    ]
  },
  "data/ER-20/d=20_k=1_gtype=ER_noise=Gaussian_mat=COR.hdf5": {
    "PC": [
      0.2767626282041574,
      0.35573099415204673,
      30.3,
      1.7546048402786254
    ],
    "CAM": [
      0.09833660772407862,
      0.4040350877192983,
      83.1,
      14.61365749835968
    ],
    "GES": [
      0.20564321789321788,
      0.2968421052631579,
      35.3,
      0.6785375595092773
    ],
    "notears": [
      0.9335559006211179,
      0.9650000000000001,
      2.2,
      9.787390160560609
    ],
    "RCC-CLF": [
      0.11332704529469902,
      0.9178947368421053,
      145.4,
      12.319960045814515
    ],
    "RCC-NN": [
      0.11448394579346215,
      0.8055263157894738,
      125.5,
      11.988400411605834
    ]
  },
  "data/ER-50/d=50_k=1_gtype=ER_noise=Gaussian_mat=COR.hdf5": {
    "PC": [
      0.24257433376817206,
      0.3057397959183673,
      81.0,
      1.9238383054733277
    ],
    "CAM": [
      0.08560021278313443,
      0.3734693877551021,
      229.3,
      44.566719603538516
    ],
    "GES": [
      0.14046164195964478,
      0.2046799826313504,
      100.4,
      0.81988365650177
    ],
    "notears": [
      0.9743343799058085,
      0.9837942176870749,
      2.1,
      82.91208846569062
    ],
    "RCC-CLF": [
      0.04483907447970217,
      0.9617551020408163,
      1019.0,
      76.49147329330444
    ],
    "RCC-NN": [
      0.052610987528259864,
      0.7230204081632653,
      666.9,
      76.17647063732147
    ]
  }
}
